1,google.com
2,youtube.com
3,baidu.com
4,bilibili.com
5,facebook.com
6,instagram.com
7,qq.com
8,twitter.com
9,wikipedia.org
10,zhihu.com
11,amazon.com
12,bing.com
13,yahoo.com
14,reddit.com
15,whatsapp.com
16,taobao.com
17,xvideos.com
18,163.com
19,pornhub.com
20,vk.com
21,microsoft.com
22,linkedin.com
23,sina.com.cn
24,yandex.ru
25,tiktok.com
26,jd.com
27,weibo.com
28,fandom.com
29,t.co
30,github.com
31,live.com
32,google.com.hk
33,xhamster.com
34,netflix.com
35,dzen.ru
36,yahoo.co.jp
37,aliexpress.com
38,spankbang.com
39,paypal.com
40,tmall.com
41,csdn.net
42,canva.com
43,naver.com
44,sohu.com
45,imdb.com
46,douban.com
47,ebay.com
48,mail.ru
49,xnxx.com
50,alipay.com
51,amazon.in
52,so.com
53,pinterest.com
54,hao123.com
55,douyu.com
56,iqiyi.com
57,office.com
58,telegram.org
59,adobe.com
60,duckduckgo.com
61,apple.com
62,msn.com
63,spotify.com
64,stackoverflow.com
65,twitch.tv
66,microsoftonline.com
67,twimg.com
68,3dmgame.com
69,amazon.co.jp
70,1688.com
71,zoom.us
72,mega.nz
73,pixiv.net
74,etsy.com
75,t.me
76,quora.com
77,youdao.com
78,realsrv.com
79,360.cn
80,deepl.com
81,google.co.in
82,myshopify.com
83,stripchat.com
84,imgur.com
85,doubleclick.net
86,sogou.com
87,chaturbate.com
88,avito.ru
89,hotstar.com
90,aliyun.com
91,mediafire.com
92,cnki.net
93,smzdm.com
94,nih.gov
95,bbc.com
96,onlyfans.com
97,tencent.com
98,youku.com
99,espn.com
100,indeed.com
101,redd.it
102,ok.ru
103,discord.com
104,jianshu.com
105,freepik.com
106,wordpress.com
107,soso.com
108,ilovepdf.com
109,cnn.com
110,tumblr.com
111,booking.com
112,sciencedirect.com
113,nytimes.com
114,fc2.com
115,digikala.com
116,xiaohongshu.com
117,walmart.com
118,flipkart.com
119,douyin.com
120,patreon.com
121,instructure.com
122,researchgate.net
123,roblox.com
124,dropbox.com
125,chsi.com.cn
126,archive.org
127,google.de
128,medium.com
129,google.co.uk
130,52pojie.cn
131,rakuten.co.jp
132,tradingview.com
133,animeflv.net
134,alibaba.com
135,fiverr.com
136,googlevideo.com
137,livejasmin.com
138,zol.com.cn
139,dcinside.com
140,google.co.jp
141,ozon.ru
142,google.ru
143,speedtest.net
144,savefrom.net
145,hupu.com
146,y2mate.com
147,udemy.com
148,wetransfer.com
149,w3schools.com
150,eporner.com
151,grammarly.com
152,sxyprn.com
153,yandex.com
154,chase.com
155,ebay.co.uk
156,uol.com.br
157,tistory.com
158,amazonaws.com
159,nicovideo.jp
160,cricbuzz.com
161,dmm.co.jp
162,amazon.ca
163,epicgames.com
164,cloudfront.net
165,steampowered.com
166,binance.com
167,namu.wiki
168,noodlemagazine.com
169,bet365.com
170,book118.com
171,linktr.ee
172,espncricinfo.com
173,amazon.it
174,scs.gov.cn
175,cctv.com
176,autohome.com.cn
177,toutiao.com
178,quizlet.com
179,deviantart.com
180,pinimg.com
181,docin.com
182,pconline.com.cn
183,feishu.cn
184,force.com
185,aliexpress.ru
186,theguardian.com
187,samsung.com
188,yts.mx
189,dailymail.co.uk
190,primevideo.com
191,zillow.com
192,ifeng.com
193,zhihuishu.com
194,bbc.co.uk
195,wildberries.ru
196,hitomi.la
197,vimeo.com
198,missav.com
199,nvidia.com
200,mangarawjp.io
201,shopify.com
202,nhentai.net
203,amazon.de
204,daum.net
205,amazon.co.uk
206,gofile.io
207,office365.com
208,5ch.net
209,amazon.fr
210,178.com
211,xhamsterlive.com
212,amazon.es
213,cnblogs.com
214,shutterstock.com
215,behance.net
216,gogoanime.dk
217,op.gg
218,lx.pub
219,pixabay.com
220,coinmarketcap.com
221,bankofamerica.com
222,foxnews.com
223,stackexchange.com
224,ikea.com
225,google.ca
226,pexels.com
227,xxxxx520.com
228,daftsex.com
229,huya.com
230,craigslist.org
231,notion.so
232,icourse163.org
233,shein.com
234,quillbot.com
235,remove.bg
236,chegg.com
237,varzesh3.com
238,e-hentai.org
239,cupfox.app
240,shaparak.ir
241,9gag.com
242,trendyol.com
243,aparat.com
244,livedoor.jp
245,animixplay.to
246,globo.com
247,youporn.com
248,51cto.com
249,blogger.com
250,hulu.com
251,google.com.sg
252,xhamster18.desi
253,jable.tv
254,upwork.com
255,line.me
256,homedepot.com
257,slack.com
258,coupang.com
259,mozilla.org
260,stripe.com
261,steamcommunity.com
262,dailymotion.com
263,txxx.com
264,chinaz.com
265,qidian.com
266,gosuslugi.ru
267,zhibo8.cc
268,battle.net
269,blog.jp
270,weather.com
271,ilive.cn
272,runoob.com
273,marca.com
274,flickr.com
275,godaddy.com
276,scribd.com
277,coursera.org
278,ikco.ir
279,soundcloud.com
280,crengate.com
281,nunuyy3.org
282,aliexpress.us
283,jb51.net
284,indiatimes.com
285,state.gov
286,trello.com
287,4chan.org
288,wowhead.com
289,google.com.tr
290,rarbg.to
291,mangaraw.to
292,thisvid.com
293,wikimedia.org
294,360doc.com
295,academia.edu
296,1337x.to
297,eastmoney.com
298,miguvideo.com
299,apple.com.cn
300,google.cn
301,healthline.com
302,zoro.to
303,huawei.com
304,chapmanganato.com
305,juejin.cn
306,divar.ir
307,lazada.sg
308,softonic.com
309,zoukankan.com
310,wiley.com
311,liquipedia.net
312,elsevier.com
313,dytt8.net
314,tampermonkey.net
315,shopee.tw
316,fmkorea.com
317,hp.com
318,ouo.io
319,reverso.net
320,springer.com
321,porntrex.com
322,bestbuy.com
323,google.fr
324,arca.live
325,alicdn.com
326,mi.com
327,usps.com
328,geeksforgeeks.org
329,nowcoder.com
330,nga.cn
331,xbox.com
332,gstatic.com
333,youjizz.com
334,wellsfargo.com
335,livescore.com
336,thepaper.cn
337,torob.com
338,libvio.me
339,ddys.tv
340,sourceforge.net
341,ea.com
342,zippyshare.com
343,cloudflare.com
344,adblockplus.org
345,asus.com
346,erome.com
347,neea.edu.cn
348,archiveofourown.org
349,acfun.cn
350,kinopoisk.ru
351,yiyouliao.com
352,disneyplus.com
353,oracle.com
354,redtube.com
355,goodreads.com
356,google.com.sa
357,tnaflix.com
358,weibo.cn
359,topnewsfeeds.net
360,ameblo.jp
361,gamer.com.tw
362,indoorsbeliefgrew.com
363,docomo.ne.jp
364,itch.io
365,okta.com
366,unsplash.com
367,theporndude.com
368,xunlei.com
369,t66y.com
370,nvidia.cn
371,breedwaste.com
372,washingtonpost.com
373,ruliweb.com
374,investing.com
375,ourbestspot.com
376,wp.pl
377,literalcorpulent.com
378,ixigua.com
379,bdimg.com
380,4399.com
381,xuexi.cn
382,boyfriendtv.com
383,ithome.com
384,google.com.tw
385,naturalistsbumpmystic.com
386,capitalone.com
387,weicewang.com
388,google.co.th
389,futbin.com
390,cambridge.org
391,hbomax.com
392,haglance.com
393,convertio.co
394,fast.com
395,ign.com
396,1377x.to
397,myanimelist.net
398,forbes.com
399,fitgirl-repacks.site
400,dlsite.com
401,eventsbands.com
402,gismeteo.ru
403,hetapus.com
404,envato.com
405,sinaimg.cn
406,18183.com
407,hdfcbank.com
408,curseforge.com
409,genius.com
410,rutracker.org
411,motherless.com
412,uptodown.com
413,premierleague.com
414,google.com.eg
415,mgtv.com
416,crunchyroll.com
417,chess.com
418,messenger.com
419,gamespot.com
420,hqporner.com
421,istockphoto.com
422,yelp.com
423,rezka.ag
424,taboola.com
425,bendibao.com
426,as.com
427,eksisozluk.com
428,rumble.com
429,lichess.org
430,pornone.com
431,rule34.xxx
432,yuque.com
433,pornzog.com
434,guancha.cn
435,speedtest.cn
436,wix.com
437,dy2018.com
438,meijutt.tv
439,costco.com
440,shopee.co.id
441,eroterest.net
442,wattpad.com
443,shopee.vn
444,huatu.com
445,tokyomotion.net
446,supjav.com
447,189.cn
448,btnull.org
449,rottentomatoes.com
450,quark.cn
451,shopee.com.my
452,shopee.co.th
453,tripadvisor.com
454,sahibinden.com
455,gamersky.com
456,wikiwiki.jp
457,redgifs.com
458,directcpmrev.com
459,biligame.com
460,ria.ru
461,soap2day.to
462,423down.com
463,ixxx.com
464,discogs.com
465,asura.gg
466,kakao.com
467,ctfile.com
468,americanexpress.com
469,salesforce.com
470,lectortmo.com
471,2345.com
472,tktube.com
473,wikihow.com
474,hao6v.cc
475,seznam.cz
476,artstation.com
477,similarweb.com
478,fapello.com
479,rt.com
480,getadblock.com
481,accuweather.com
482,php.cn
483,zendesk.com
484,google.com.au
485,opensea.io
486,google.com.ar
487,onet.pl
488,xxxhdvideo.mobi
489,huaban.com
490,videocampaign.co
491,leetcode.com
492,gumroad.com
493,rapidgator.net
494,9anime.vc
495,mit.edu
496,snapchat.com
497,airbnb.com
498,neexulro.net
499,blizzard.com
500,bongacams.com
501,sznews.com
502,streamtape.com
503,python.org
504,smallpdf.com
505,tokopedia.com
506,atlassian.net
507,coursehero.com
508,nba.com
509,xfantazy.com
510,bg4nxu2u5t.com
511,atwiki.jp
512,cocomanga.com
513,playstation.com
514,icloud.com
515,dood.re
516,onlinedown.net
517,figma.com
518,att.com
519,huijiwiki.com
520,uptobox.com
521,china.com
522,wordpress.org
523,dell.com
524,1fichier.com
525,hepsiburada.com
526,iwara.tv
527,google.co.kr
528,sci-hub.se
529,digitalocean.com
530,inven.co.kr
531,sina.cn
532,cuevana3.me
533,lowes.com
534,freecodecamp.org
535,cnbc.com
536,slideshare.net
537,jetbrains.com
538,livedoor.com
539,ultimate-guitar.com
540,outbrain.com
541,zxxk.com
542,googlesyndication.com
543,dandanzan10.top
544,iqbroker.com
545,hm.com
546,jaavnacsdw.com
547,noonoo.tv
548,thesaurus.com
549,internetdownloadmanager.com
550,manatoki160.net
551,noticias.uol.com.br
552,streameast.is
553,sspai.com
554,hostinger.com
555,rambler.ru
556,hubspot.com
557,investopedia.com
558,lenovo.com.cn
559,zhipin.com
560,raw.githubusercontent.com
561,ghxi.com
562,51job.com
563,leetcode.cn
564,kugou.com
565,target.com
566,lenta.ru
567,steamdb.info
568,javmix.tv
569,mercari.com
570,kdocs.cn
571,infobae.com
572,nature.com
573,wiktionary.org
574,v2ex.com
575,yuketang.cn
576,citi.com
577,3d66.com
578,mydrivers.com
579,intuit.com
580,webofscience.com
581,zoho.com
582,chaoxing.com
583,anxia.com
584,google.com.mx
585,unipus.cn
586,mypoweroffer.com
587,5movierulz.im
588,jut.su
589,doc88.com
590,mheducation.com
591,nike.com
592,thepiratebay.org
593,realtor.com
594,faphouse.com
595,myworkdayjobs.com
596,evexxx.com
597,kooora.com
598,webpkgcache.com
599,123pan.com
600,wsj.com
601,justwatch.com
602,cloudconvert.com
603,bdys01.com
604,xvideos-cdn.com
605,wayfair.com
606,reuters.com
607,gsmarena.com
608,blogimg.jp
609,manhuagui.com
610,discordapp.com
611,vippers.jp
612,arxiv.org
613,imagetwist.com
614,payoneer.com
615,livejournal.com
616,okezone.com
617,ptt.cc
618,onecommerce.io
619,vjav.com
620,afreecatv.com
621,cityheaven.net
622,lazada.co.th
623,nypost.com
624,a2mu.com
625,callofduty.com
626,hanime1.me
627,trustpilot.com
628,kawunimy.com
629,hdmoli.com
630,dribbble.com
631,javhdporn.net
632,pornez.net
633,bandcamp.com
634,9anime.to
635,zhaopin.com
636,duolingo.com
637,2ch-c.net
638,bild.de
639,ups.com
640,www.gov.uk
641,apkpure.com
642,pdfdrive.com
643,blackboard.com
644,byrut.org
645,aliyuncs.com
646,skype.com
647,iporntv.net
648,fmovies.to
649,ieee.org
650,irctc.co.in
651,app.link
652,tutorialspoint.com
653,vnexpress.net
654,overleaf.com
655,sxyprn.net
656,ezgif.com
657,po-kaki-to.com
658,amd.com
659,intel.com
660,businessinsider.com
661,xueqiu.com
662,cnet.com
663,paramountplus.com
664,zara.com
665,spiegel.de
666,pornpics.com
667,upornia.com
668,macys.com
669,amazon.com.mx
670,directcpmfwr.com
671,ok.xxx
672,ebay-kleinanzeigen.de
673,ebay.com.au
674,makeuseof.com
675,gitlab.com
676,agoda.com
677,interia.pl
678,naukri.com
679,manganato.com
680,wise.com
681,drom.ru
682,codepen.io
683,yhdmp.cc
684,xfinity.com
685,myzaker.com
686,tandfonline.com
687,myfreecams.com
688,hdtoday.tv
689,zaobao.com
690,myntra.com
691,themeforest.net
692,redbubble.com
693,webtoons.com
694,voe.sx
695,kakaku.com
696,google.co.id
697,goo.ne.jp
698,google.az
699,activision.com
700,jav.guru
701,gd.gov.cn
702,mdpi.com
703,4channel.org
704,lenovo.com
705,onlinesbi.sbi
706,oschina.net
707,amazon.ae
708,sberbank.ru
709,npracticalwhic.buzz
710,icicibank.com
711,y2mate.is
712,bilibili.tv
713,fedex.com
714,wondershare.com
715,srvtrck.com
716,bozrc.com
717,winwin7.com
718,socialmediagirls.com
719,www.gov.cn
720,hao6v.tv
721,merriam-webster.com
722,slickdeals.net
723,nexusmods.com
724,iloveimg.com
725,dreamstime.com
726,1stream.top
727,editorialmanager.com
728,nintendo.com
729,thingiverse.com
730,mcmod.cn
731,freedidi.com
732,namecheap.com
733,corriere.it
734,pearson.com
735,javdb005.com
736,substack.com
737,gimy.app
738,doordash.com
739,rakuten.com
740,xiaoe-tech.com
741,google.es
742,shimo.im
743,adsco.re
744,9anime.gs
745,studentaid.gov
746,xvideos.red
747,google.com.vn
748,tamin.ir
749,lordfilm.lu
750,avgle.com
751,gmw.cn
752,manage.wix.com
753,evernote.com
754,autodesk.com
755,bunkr.is
756,rubika.ir
757,hanime.tv
758,likecs.com
759,elpais.com
760,bol.com
761,udn.com
762,commonapp.org
763,wykop.pl
764,userscript.zone
765,2-class.com
766,google.it
767,docker.com
768,xitongzhijia.net
769,mayoclinic.org
770,chiphell.com
771,dingtalk.com
772,xhamster.desi
773,weebly.com
774,sex.com
775,allegro.pl
776,maigoo.com
777,pikabu.ru
778,ivi.ru
779,18comic.vip
780,dbs.com.sg
781,ca.gov
782,eastday.com
783,aznude.com
784,uniqlo.com
785,biancheng.net
786,awaliwa.com
787,wallhaven.cc
788,9game.cn
789,yinghuacd.com
790,pinduoduo.com
791,xiumi.us
792,360.com
793,zerodha.com
794,cbssports.com
795,gamerant.com
796,npmjs.com
797,google.com.br
798,togetter.com
799,amap.com
800,zju.edu.cn
801,qoo10.sg
802,donmai.us
803,oraclecloud.com
804,bitly.com
805,pelisplus.lat
806,mangakakalot.com
807,visualstudio.com
808,mercadolibre.com.ar
809,idnes.cz
810,49n7wqynho5u.top
811,eitaa.com
812,segmentfault.com
813,btnull.re
814,b2clogin.com
815,ujiaoshou.com
816,repubblica.it
817,ustc.edu.cn
818,syosetu.com
819,tabelog.com
820,bankmellat.ir
821,daraz.pk
822,wjx.cn
823,livetv.sx
824,gushiwen.cn
825,sjtu.edu.cn
826,mexc.com
827,ytimg.com
828,rutube.ru
829,harvard.edu
830,discover.com
831,oneclickstar.com
832,mercadolibre.com.mx
833,youth.cn
834,yinfans.me
835,opensooq.com
836,disqus.com
837,manyvids.com
838,mercadolibre.com.ve
839,7mmtv.sx
840,oray.com
841,exoclick.com
842,flashscore.com
843,redfin.com
844,ampproject.org
845,getintopc.com
846,thefappeningblog.com
847,eyny.com
848,qualtrics.com
849,streamable.com
850,pixnet.net
851,bp.blogspot.com
852,doorblog.jp
853,jinritemai.com
854,openai.com
855,wanfangdata.com.cn
856,o8tv.com
857,cuevana.pro
858,kuaishou.com
859,xiaomi.com
860,duosecurity.com
861,f95zone.to
862,td.com
863,turbo.az
864,smdyy.cc
865,optnx.com
866,myflixer.to
867,ssyoutube.com
868,grunoaph.net
869,hltv.org
870,canada.ca
871,aol.com
872,hotmart.com
873,google.com.pk
874,wybg666.com
875,xiaoheimi.net
876,twinrdsyn.com
877,ximalaya.com
878,offcn.com
879,olevod.com
880,17173.com
881,emalls.ir
882,11467.com
883,caliente.mx
884,66law.cn
885,fanfiction.net
886,screenrant.com
887,mangadex.org
888,plex.tv
889,bakusai.com
890,mokahr.com
891,mouthporn.net
892,verizon.com
893,ilbe.com
894,ecosia.org
895,prothomalo.com
896,squarespace.com
897,newtoki160.com
898,hdsex.org
899,criteo.com
900,ebay.de
901,weakstreams.com
902,animego.org
903,sketchfab.com
904,coingecko.com
905,itmedia.co.jp
906,yjbys.com
907,eventbrite.com
908,perfectgirls.net
909,asana.com
910,detik.com
911,goojara.to
912,lazada.com.my
913,ndtv.com
914,forms.gle
915,google.com.pe
916,ibm.com
917,ancestry.com
918,drive2.ru
919,kissjav.li
920,dramacool.cr
921,patria.org.ve
922,expedia.com
923,kafan.cn
924,fullhdfilmizlesene.pw
925,gazzetta.it
926,nhk.or.jp
927,clien.net
928,kohls.com
929,1x001.com
930,yanetflix.com
931,simpcity.su
932,glassdoor.com
933,bloomberg.com
934,meituan.com
935,cookpad.com
936,nudevista.com
937,sz.gov.cn
938,beeg.com
939,rmdown.com
940,zxzj.vip
941,filimo.com
942,iam.gov.sa
943,usatoday.com
944,webmd.com
945,go.com
946,thegamer.com
947,downza.cn
948,camwhores.tv
949,bilqi-omv.com
950,kickassanime.ro
951,javgg.net
952,dianxiaomi.com
953,xjtu.edu.cn
954,wnacg.org
955,hotmovs.com
956,freestreams-live1.com
957,pngtree.com
958,frontiersin.org
959,oneindia.com
960,discordapp.net
961,sexkbj.com
962,lanzoux.com
963,shopee.ph
964,9damaogame.net
965,elmundo.es
966,126.com
967,unblockit.nz
968,ashemaletube.com
969,azure.com
970,gate.io
971,online-convert.com
972,pngwing.com
973,battlenet.com.cn
974,smallseotools.com
975,filmweb.pl
976,soccerstreams.net
977,newegg.com
978,amazon.sa
979,absher.sa
980,files.wordpress.com
981,cengage.com
982,mailchimp.com
983,otnolatrnup.com
984,adobelogin.com
985,hatenablog.com
986,terabox.com
987,tsinghua.edu.cn
988,bytedance.net
989,lazada.com.ph
990,fanbox.cc
991,e621.net
992,ibb.co
993,yhdmp.live
994,news.com.au
995,ppomppu.co.kr
996,51miz.com
997,indiamart.com
998,lanzouw.com
999,fuliba2023.net
1000,youm7.com